0	0	Romeo	O-CLAIM
0	1	and	O-CLAIM
0	2	Juliet	O-CLAIM
0	3	PBA	O-CLAIM
0	4	Argument	O-CLAIM
0	5	Essay	O-CLAIM
1	0	People	O-CLAIM
1	1	argue	O-CLAIM
1	2	whether	O-CLAIM
1	3	life	O-CLAIM
1	4	is	O-CLAIM
1	5	predetermined	O-CLAIM
1	6	to	O-CLAIM
1	7	be	O-CLAIM
1	8	a	O-CLAIM
1	9	certain	O-CLAIM
1	10	way	O-CLAIM
1	11	,	O-CLAIM
1	12	or	O-CLAIM
1	13	we	O-CLAIM
1	14	are	O-CLAIM
1	15	responsible	O-CLAIM
1	16	for	O-CLAIM
1	17	our	O-CLAIM
1	18	future	O-CLAIM
1	19	.	O-CLAIM
2	0	Some	O-CLAIM
2	1	religions	O-CLAIM
2	2	say	O-CLAIM
2	3	that	O-CLAIM
2	4	a	B-CLAIM
2	5	superior	I-CLAIM
2	6	entity	I-CLAIM
2	7	chose	I-CLAIM
2	8	the	I-CLAIM
2	9	whole	I-CLAIM
2	10	world	I-CLAIM
2	11	's	I-CLAIM
2	12	course	I-CLAIM
2	13	and	I-CLAIM
2	14	this	I-CLAIM
2	15	can	I-CLAIM
2	16	not	I-CLAIM
2	17	be	I-CLAIM
2	18	changed	I-CLAIM
2	19	.	I-CLAIM
3	0	This	O-CLAIM
3	1	idea	O-CLAIM
3	2	is	O-CLAIM
3	3	often	O-CLAIM
3	4	called	O-CLAIM
3	5	fate	O-CLAIM
3	6	or	O-CLAIM
3	7	destiny	O-CLAIM
3	8	.	O-CLAIM
4	0	however	O-CLAIM
4	1	,	O-CLAIM
4	2	is	O-CLAIM
4	3	it	O-CLAIM
4	4	worth	O-CLAIM
4	5	to	B-CLAIM
4	6	live	I-CLAIM
4	7	if	I-CLAIM
4	8	no	I-CLAIM
4	9	matter	I-CLAIM
4	10	how	I-CLAIM
4	11	intense	I-CLAIM
4	12	you	I-CLAIM
4	13	try	I-CLAIM
4	14	,	I-CLAIM
4	15	your	I-CLAIM
4	16	existence	I-CLAIM
4	17	will	I-CLAIM
4	18	be	I-CLAIM
4	19	the	I-CLAIM
4	20	same	I-CLAIM
4	21	?	O-CLAIM
5	0	The	O-CLAIM
5	1	tragedy	O-CLAIM
5	2	Romeo	O-CLAIM
5	3	and	O-CLAIM
5	4	Juliet	O-CLAIM
5	5	by	O-CLAIM
5	6	William	O-CLAIM
5	7	Shakespeare	O-CLAIM
5	8	describes	O-CLAIM
5	9	how	O-CLAIM
5	10	the	O-CLAIM
5	11	personal	O-CLAIM
5	12	choice	O-CLAIM
5	13	of	O-CLAIM
5	14	two	O-CLAIM
5	15	wealthy	O-CLAIM
5	16	families	O-CLAIM
5	17	of	O-CLAIM
5	18	despising	O-CLAIM
5	19	each	O-CLAIM
5	20	other	O-CLAIM
5	21	provoked	O-CLAIM
5	22	the	O-CLAIM
5	23	death	O-CLAIM
5	24	of	O-CLAIM
5	25	six	O-CLAIM
5	26	people	O-CLAIM
5	27	.	O-CLAIM
6	0	In	O-CLAIM
6	1	the	O-CLAIM
6	2	literary	O-CLAIM
6	3	criticism	O-CLAIM
6	4	of	O-CLAIM
6	5	Romeo	O-CLAIM
6	6	and	O-CLAIM
6	7	Juliet	O-CLAIM
6	8	is	O-CLAIM
6	9	a	O-CLAIM
6	10	terrible	O-CLAIM
6	11	play	O-CLAIM
6	12	and	O-CLAIM
6	13	David	O-CLAIM
6	14	Leveaux	O-CLAIM
6	15	Ca	O-CLAIM
6	16	n't	O-CLAIM
6	17	change	O-CLAIM
6	18	that	O-CLAIM
6	19	,	O-CLAIM
6	20	Alyssa	O-CLAIM
6	21	Rosenberg	O-CLAIM
6	22	critiques	O-CLAIM
6	23	how	O-CLAIM
6	24	immature	O-CLAIM
6	25	behavior	O-CLAIM
6	26	of	O-CLAIM
6	27	the	O-CLAIM
6	28	two	O-CLAIM
6	29	young	O-CLAIM
6	30	lovers	O-CLAIM
6	31	was	O-CLAIM
6	32	the	O-CLAIM
6	33	reason	O-CLAIM
6	34	of	O-CLAIM
6	35	their	O-CLAIM
6	36	tragic	O-CLAIM
6	37	ending	O-CLAIM
6	38	.	O-CLAIM
7	0	Noah	O-CLAIM
7	1	Berlatsky	O-CLAIM
7	2	clarifies	O-CLAIM
7	3	in	O-CLAIM
7	4	In	O-CLAIM
7	5	defense	O-CLAIM
7	6	of	O-CLAIM
7	7	Romeo	O-CLAIM
7	8	and	O-CLAIM
7	9	Juliet	O-CLAIM
7	10	:	O-CLAIM
7	11	it	B-CLAIM
7	12	's	I-CLAIM
7	13	not	I-CLAIM
7	14	childish	I-CLAIM
7	15	it	I-CLAIM
7	16	's	I-CLAIM
7	17	*	I-CLAIM
7	18	about	I-CLAIM
7	19	*	I-CLAIM
7	20	childishness	I-CLAIM
7	21	that	O-CLAIM
7	22	the	B-CLAIM
7	23	play	I-CLAIM
7	24	is	I-CLAIM
7	25	compelling	I-CLAIM
7	26	because	O-CLAIM
7	27	it	O-CLAIM
7	28	explains	O-CLAIM
7	29	maturity	O-CLAIM
7	30	and	O-CLAIM
7	31	innocence	O-CLAIM
7	32	.	O-CLAIM
8	0	The	O-CLAIM
8	1	debate	O-CLAIM
8	2	is	O-CLAIM
8	3	about	O-CLAIM
8	4	what	O-CLAIM
8	5	caused	O-CLAIM
8	6	the	O-CLAIM
8	7	tragic	O-CLAIM
8	8	ending	O-CLAIM
8	9	and	O-CLAIM
8	10	the	O-CLAIM
8	11	situation	O-CLAIM
8	12	of	O-CLAIM
8	13	the	O-CLAIM
8	14	play	O-CLAIM
8	15	.	O-CLAIM
9	0	Personal	B-CLAIM
9	1	choice	I-CLAIM
9	2	has	I-CLAIM
9	3	a	I-CLAIM
9	4	greater	I-CLAIM
9	5	impact	I-CLAIM
9	6	on	I-CLAIM
9	7	the	I-CLAIM
9	8	characteristics	I-CLAIM
9	9	in	I-CLAIM
9	10	Romeo	I-CLAIM
9	11	and	I-CLAIM
9	12	Juliet	I-CLAIM
9	13	since	B-CLAIM
9	14	most	I-CLAIM
9	15	of	I-CLAIM
9	16	their	I-CLAIM
9	17	difficulties	I-CLAIM
9	18	were	I-CLAIM
9	19	a	I-CLAIM
9	20	consequence	I-CLAIM
9	21	of	I-CLAIM
9	22	their	I-CLAIM
9	23	actions	I-CLAIM
9	24	,	I-CLAIM
9	25	they	I-CLAIM
9	26	had	I-CLAIM
9	27	the	I-CLAIM
9	28	power	I-CLAIM
9	29	to	I-CLAIM
9	30	solve	I-CLAIM
9	31	their	I-CLAIM
9	32	problems	I-CLAIM
9	33	,	I-CLAIM
9	34	and	I-CLAIM
9	35	they	I-CLAIM
9	36	were	I-CLAIM
9	37	in	I-CLAIM
9	38	control	I-CLAIM
9	39	of	I-CLAIM
9	40	their	I-CLAIM
9	41	lives	I-CLAIM
9	42	.	I-CLAIM
10	0	First	O-CLAIM
10	1	of	O-CLAIM
10	2	all	O-CLAIM
10	3	,	O-CLAIM
10	4	it	O-CLAIM
10	5	can	O-CLAIM
10	6	be	O-CLAIM
10	7	argued	O-CLAIM
10	8	that	O-CLAIM
10	9	the	B-CLAIM
10	10	situations	I-CLAIM
10	11	of	I-CLAIM
10	12	the	I-CLAIM
10	13	play	I-CLAIM
10	14	were	I-CLAIM
10	15	a	I-CLAIM
10	16	result	I-CLAIM
10	17	of	I-CLAIM
10	18	the	I-CLAIM
10	19	characters	I-CLAIM
10	20	'	I-CLAIM
10	21	decisions	I-CLAIM
10	22	.	I-CLAIM
11	0	It	O-CLAIM
11	1	is	O-CLAIM
11	2	shown	O-CLAIM
11	3	throughout	O-CLAIM
11	4	the	O-CLAIM
11	5	play	O-CLAIM
11	6	how	O-CLAIM
11	7	the	O-CLAIM
11	8	characters	O-CLAIM
11	9	are	O-CLAIM
11	10	carried	O-CLAIM
11	11	away	O-CLAIM
11	12	by	O-CLAIM
11	13	their	O-CLAIM
11	14	emotions	O-CLAIM
11	15	and	O-CLAIM
11	16	caused	O-CLAIM
11	17	problems	O-CLAIM
11	18	.	O-CLAIM
12	0	What	B-CLAIM
12	1	readers	I-CLAIM
12	2	should	I-CLAIM
12	3	understand	I-CLAIM
12	4	is	I-CLAIM
12	5	that	I-CLAIM
12	6	Juliet	I-CLAIM
12	7	and	I-CLAIM
12	8	Romeo	I-CLAIM
12	9	asked	I-CLAIM
12	10	the	I-CLAIM
12	11	Nurse	I-CLAIM
12	12	and	I-CLAIM
12	13	Friar	I-CLAIM
12	14	Lawrence	I-CLAIM
12	15	to	I-CLAIM
12	16	help	I-CLAIM
12	17	them	I-CLAIM
12	18	become	I-CLAIM
12	19	husband	I-CLAIM
12	20	and	I-CLAIM
12	21	wife	I-CLAIM
12	22	,	I-CLAIM
12	23	and	I-CLAIM
12	24	they	I-CLAIM
12	25	accepted	I-CLAIM
12	26	.	I-CLAIM
13	0	Romeo	O-CLAIM
13	1	had	O-CLAIM
13	2	to	O-CLAIM
13	3	convince	O-CLAIM
13	4	the	O-CLAIM
13	5	Friar	O-CLAIM
13	6	to	O-CLAIM
13	7	marry	O-CLAIM
13	8	them	O-CLAIM
13	9	,	O-CLAIM
13	10	and	O-CLAIM
13	11	he	O-CLAIM
13	12	accepts	O-CLAIM
13	13	because	O-CLAIM
13	14	he	O-CLAIM
13	15	wants	O-CLAIM
13	16	peace	O-CLAIM
13	17	for	O-CLAIM
13	18	the	O-CLAIM
13	19	city	O-CLAIM
13	20	.	O-CLAIM
14	0	by	O-CLAIM
14	1	contrast	O-CLAIM
14	2	,	O-CLAIM
14	3	in	O-CLAIM
14	4	the	O-CLAIM
14	5	case	O-CLAIM
14	6	of	O-CLAIM
14	7	the	O-CLAIM
14	8	Nurse	O-CLAIM
14	9	,	O-CLAIM
14	10	she	O-CLAIM
14	11	accedes	O-CLAIM
14	12	and	O-CLAIM
14	13	always	O-CLAIM
14	14	supports	O-CLAIM
14	15	Juliet	O-CLAIM
14	16	without	O-CLAIM
14	17	apparent	O-CLAIM
14	18	reason	O-CLAIM
14	19	.	O-CLAIM
15	0	Yet	O-CLAIM
15	1	,	O-CLAIM
15	2	this	O-CLAIM
15	3	is	O-CLAIM
15	4	because	O-CLAIM
15	5	she	O-CLAIM
15	6	raised	O-CLAIM
15	7	Juliet	O-CLAIM
15	8	,	O-CLAIM
15	9	and	O-CLAIM
15	10	she	O-CLAIM
15	11	desires	O-CLAIM
15	12	Juliet	O-CLAIM
15	13	's	O-CLAIM
15	14	happiness	O-CLAIM
15	15	.	O-CLAIM
16	0	In	O-CLAIM
16	1	the	O-CLAIM
16	2	text	O-CLAIM
16	3	,	O-CLAIM
16	4	the	O-CLAIM
16	5	Nurse	O-CLAIM
16	6	states	O-CLAIM
16	7	that	O-CLAIM
16	8	Marry	O-CLAIM
16	9	,	O-CLAIM
16	10	bachelor	O-CLAIM
16	11	,	O-CLAIM
16	12	Her	O-CLAIM
16	13	mother	O-CLAIM
16	14	is	O-CLAIM
16	15	the	O-CLAIM
16	16	lady	O-CLAIM
16	17	of	O-CLAIM
16	18	the	O-CLAIM
16	19	house	O-CLAIM
16	20	,	O-CLAIM
16	21	And	O-CLAIM
16	22	a	O-CLAIM
16	23	good	O-CLAIM
16	24	lady	O-CLAIM
16	25	,	O-CLAIM
16	26	and	O-CLAIM
16	27	a	O-CLAIM
16	28	wise	O-CLAIM
16	29	and	O-CLAIM
16	30	virtuous	O-CLAIM
16	31	.	O-CLAIM
17	0	I	O-CLAIM
17	1	nursed	O-CLAIM
17	2	her	O-CLAIM
17	3	daughter	O-CLAIM
17	4	that	O-CLAIM
17	5	you	O-CLAIM
17	6	talked	O-CLAIM
17	7	withal	O-CLAIM
17	8	.	O-CLAIM
18	0	I	O-CLAIM
18	1	tell	O-CLAIM
18	2	you	O-CLAIM
18	3	,	O-CLAIM
18	4	he	O-CLAIM
18	5	that	O-CLAIM
18	6	can	O-CLAIM
18	7	lay	O-CLAIM
18	8	hold	O-CLAIM
18	9	of	O-CLAIM
18	10	her	O-CLAIM
18	11	Shall	O-CLAIM
18	12	have	O-CLAIM
18	13	the	O-CLAIM
18	14	chinks	O-CLAIM
18	15	.	O-CLAIM
19	0	(	O-CLAIM
19	1	Shakespeare	O-CLAIM
19	2	1.5	O-CLAIM
19	3	pg	O-CLAIM
19	4	.	O-CLAIM
20	0	This	O-CLAIM
20	1	means	O-CLAIM
20	2	that	O-CLAIM
20	3	she	O-CLAIM
20	4	believes	O-CLAIM
20	5	that	O-CLAIM
20	6	any	B-CLAIM
20	7	man	I-CLAIM
20	8	who	I-CLAIM
20	9	marries	I-CLAIM
20	10	the	I-CLAIM
20	11	child	I-CLAIM
20	12	she	I-CLAIM
20	13	raised	I-CLAIM
20	14	would	I-CLAIM
20	15	be	I-CLAIM
20	16	a	I-CLAIM
20	17	lucky	I-CLAIM
20	18	man	I-CLAIM
20	19	since	I-CLAIM
20	20	Juliet	I-CLAIM
20	21	's	I-CLAIM
20	22	family	I-CLAIM
20	23	,	I-CLAIM
20	24	the	I-CLAIM
20	25	Capulet	I-CLAIM
20	26	,	I-CLAIM
20	27	possessed	I-CLAIM
20	28	a	I-CLAIM
20	29	lot	I-CLAIM
20	30	of	I-CLAIM
20	31	riches	I-CLAIM
20	32	.	I-CLAIM
21	0	This	O-CLAIM
21	1	illustrates	O-CLAIM
21	2	that	O-CLAIM
21	3	the	O-CLAIM
21	4	Nurse	O-CLAIM
21	5	wanted	O-CLAIM
21	6	Juliet	O-CLAIM
21	7	content	O-CLAIM
21	8	because	O-CLAIM
21	9	she	O-CLAIM
21	10	loves	O-CLAIM
21	11	her	O-CLAIM
21	12	.	O-CLAIM
22	0	It	O-CLAIM
22	1	shows	O-CLAIM
22	2	how	O-CLAIM
22	3	the	O-CLAIM
22	4	Nurse	O-CLAIM
22	5	not	O-CLAIM
22	6	only	O-CLAIM
22	7	accepts	O-CLAIM
22	8	to	O-CLAIM
22	9	help	O-CLAIM
22	10	them	O-CLAIM
22	11	but	O-CLAIM
22	12	also	O-CLAIM
22	13	encourage	O-CLAIM
22	14	Romeo	O-CLAIM
22	15	to	O-CLAIM
22	16	marry	O-CLAIM
22	17	Juliet	O-CLAIM
22	18	because	O-CLAIM
22	19	she	O-CLAIM
22	20	was	O-CLAIM
22	21	aware	O-CLAIM
22	22	that	O-CLAIM
22	23	Juliet	O-CLAIM
22	24	fell	O-CLAIM
22	25	in	O-CLAIM
22	26	love	O-CLAIM
22	27	with	O-CLAIM
22	28	him	O-CLAIM
22	29	.	O-CLAIM
23	0	Unfortunately	O-CLAIM
23	1	,	O-CLAIM
23	2	that	O-CLAIM
23	3	marriage	O-CLAIM
23	4	and	O-CLAIM
23	5	love	O-CLAIM
23	6	that	O-CLAIM
23	7	the	O-CLAIM
23	8	Nurse	O-CLAIM
23	9	and	O-CLAIM
23	10	Friar	O-CLAIM
23	11	Lawrence	O-CLAIM
23	12	encouraged	O-CLAIM
23	13	and	O-CLAIM
23	14	supported	O-CLAIM
23	15	,	O-CLAIM
23	16	was	O-CLAIM
23	17	one	O-CLAIM
23	18	of	O-CLAIM
23	19	the	O-CLAIM
23	20	main	O-CLAIM
23	21	reason	O-CLAIM
23	22	that	O-CLAIM
23	23	led	O-CLAIM
23	24	to	O-CLAIM
23	25	the	O-CLAIM
23	26	suicide	O-CLAIM
23	27	of	O-CLAIM
23	28	these	O-CLAIM
23	29	two	O-CLAIM
23	30	young	O-CLAIM
23	31	lovers	O-CLAIM
23	32	.	O-CLAIM
24	0	Characters	O-CLAIM
24	1	were	O-CLAIM
24	2	able	O-CLAIM
24	3	to	O-CLAIM
24	4	resolve	O-CLAIM
24	5	their	O-CLAIM
24	6	problems	O-CLAIM
24	7	properly	O-CLAIM
24	8	;	O-CLAIM
24	9	but	O-CLAIM
24	10	,	O-CLAIM
24	11	they	O-CLAIM
24	12	decide	O-CLAIM
24	13	to	O-CLAIM
24	14	escape	O-CLAIM
24	15	them	O-CLAIM
24	16	,	O-CLAIM
24	17	which	O-CLAIM
24	18	demonstrates	O-CLAIM
24	19	that	O-CLAIM
24	20	personal	B-CLAIM
24	21	choice	I-CLAIM
24	22	drove	I-CLAIM
24	23	them	I-CLAIM
24	24	to	I-CLAIM
24	25	their	I-CLAIM
24	26	death	I-CLAIM
24	27	.	I-CLAIM
25	0	To	O-CLAIM
25	1	better	O-CLAIM
25	2	understand	O-CLAIM
25	3	the	O-CLAIM
25	4	situation	O-CLAIM
25	5	,	O-CLAIM
25	6	during	O-CLAIM
25	7	the	O-CLAIM
25	8	whole	O-CLAIM
25	9	play	O-CLAIM
25	10	,	O-CLAIM
25	11	no	O-CLAIM
25	12	one	O-CLAIM
25	13	ever	O-CLAIM
25	14	speculates	O-CLAIM
25	15	why	O-CLAIM
25	16	the	O-CLAIM
25	17	families	O-CLAIM
25	18	'	O-CLAIM
25	19	resentment	O-CLAIM
25	20	was	O-CLAIM
25	21	sanguinary	O-CLAIM
25	22	,	O-CLAIM
25	23	mutual	O-CLAIM
25	24	,	O-CLAIM
25	25	and	O-CLAIM
25	26	along	O-CLAIM
25	27	in	O-CLAIM
25	28	years	O-CLAIM
25	29	.	O-CLAIM
26	0	Most	O-CLAIM
26	1	of	O-CLAIM
26	2	the	O-CLAIM
26	3	citizens	O-CLAIM
26	4	with	O-CLAIM
26	5	it	O-CLAIM
26	6	,	O-CLAIM
26	7	as	O-CLAIM
26	8	it	O-CLAIM
26	9	would	O-CLAIM
26	10	be	O-CLAIM
26	11	a	O-CLAIM
26	12	common	O-CLAIM
26	13	thing	O-CLAIM
26	14	to	O-CLAIM
26	15	be	O-CLAIM
26	16	either	O-CLAIM
26	17	a	O-CLAIM
26	18	Capulet	O-CLAIM
26	19	or	O-CLAIM
26	20	a	O-CLAIM
26	21	Montague	O-CLAIM
26	22	,	O-CLAIM
26	23	and	O-CLAIM
26	24	detest	O-CLAIM
26	25	everyone	O-CLAIM
26	26	who	O-CLAIM
26	27	is	O-CLAIM
26	28	part	O-CLAIM
26	29	of	O-CLAIM
26	30	the	O-CLAIM
26	31	opposite	O-CLAIM
26	32	house	O-CLAIM
26	33	.	O-CLAIM
27	0	Romeo	O-CLAIM
27	1	and	O-CLAIM
27	2	Juliet	O-CLAIM
27	3	were	O-CLAIM
27	4	not	O-CLAIM
27	5	an	O-CLAIM
27	6	exception	O-CLAIM
27	7	.	O-CLAIM
28	0	They	O-CLAIM
28	1	rather	O-CLAIM
28	2	committed	O-CLAIM
28	3	suicide	O-CLAIM
28	4	instead	O-CLAIM
28	5	of	O-CLAIM
28	6	finding	O-CLAIM
28	7	a	O-CLAIM
28	8	way	O-CLAIM
28	9	to	O-CLAIM
28	10	transform	O-CLAIM
28	11	Verona	O-CLAIM
28	12	into	O-CLAIM
28	13	a	O-CLAIM
28	14	place	O-CLAIM
28	15	where	O-CLAIM
28	16	they	O-CLAIM
28	17	could	O-CLAIM
28	18	love	O-CLAIM
28	19	each	O-CLAIM
28	20	other	O-CLAIM
28	21	.	O-CLAIM
29	0	In	O-CLAIM
29	1	the	O-CLAIM
29	2	article	O-CLAIM
29	3	,	O-CLAIM
29	4	Romeo	O-CLAIM
29	5	and	O-CLAIM
29	6	Juliet	O-CLAIM
29	7	is	O-CLAIM
29	8	a	O-CLAIM
29	9	Terrible	O-CLAIM
29	10	Play	O-CLAIM
29	11	,	O-CLAIM
29	12	and	O-CLAIM
29	13	David	O-CLAIM
29	14	Leveaux	O-CLAIM
29	15	Ca	O-CLAIM
29	16	n't	O-CLAIM
29	17	Change	O-CLAIM
29	18	That	O-CLAIM
29	19	is	O-CLAIM
29	20	stated	O-CLAIM
29	21	that	O-CLAIM
29	22	the	O-CLAIM
29	23	vision	O-CLAIM
29	24	of	O-CLAIM
29	25	Romeo	O-CLAIM
29	26	and	O-CLAIM
29	27	Juliet	O-CLAIM
29	28	's	O-CLAIM
29	29	deaths	O-CLAIM
29	30	uniting	O-CLAIM
29	31	their	O-CLAIM
29	32	families	O-CLAIM
29	33	is	O-CLAIM
29	34	an	O-CLAIM
29	35	adolescent	O-CLAIM
29	36	fantasy	O-CLAIM
29	37	of	O-CLAIM
29	38	death	O-CLAIM
29	39	solving	O-CLAIM
29	40	all	O-CLAIM
29	41	problems	O-CLAIM
29	42	,	O-CLAIM
29	43	a	O-CLAIM
29	44	`	O-CLAIM
29	45	wo	O-CLAIM
29	46	n't	O-CLAIM
29	47	they	O-CLAIM
29	48	miss	O-CLAIM
29	49	me	O-CLAIM
29	50	when	O-CLAIM
29	51	I	O-CLAIM
29	52	'	O-CLAIM
29	53	m	O-CLAIM
29	54	gone	O-CLAIM
29	55	'	O-CLAIM
29	56	pout	O-CLAIM
29	57	.	O-CLAIM
30	0	(	O-CLAIM
30	1	Rosenberg	O-CLAIM
30	2	,	O-CLAIM
30	3	pg	O-CLAIM
30	4	#	O-CLAIM
30	5	507	O-CLAIM
30	6	)	O-CLAIM
31	0	This	O-CLAIM
31	1	means	O-CLAIM
31	2	that	O-CLAIM
31	3	they	B-CLAIM
31	4	had	I-CLAIM
31	5	the	I-CLAIM
31	6	idea	I-CLAIM
31	7	that	I-CLAIM
31	8	if	I-CLAIM
31	9	they	I-CLAIM
31	10	died	I-CLAIM
31	11	,	I-CLAIM
31	12	they	I-CLAIM
31	13	would	I-CLAIM
31	14	save	I-CLAIM
31	15	the	I-CLAIM
31	16	day	I-CLAIM
31	17	.	I-CLAIM
32	0	It	O-CLAIM
32	1	is	O-CLAIM
32	2	a	O-CLAIM
32	3	way	O-CLAIM
32	4	of	O-CLAIM
32	5	romanticizing	O-CLAIM
32	6	mental	O-CLAIM
32	7	illness	O-CLAIM
32	8	,	O-CLAIM
32	9	which	O-CLAIM
32	10	is	O-CLAIM
32	11	a	O-CLAIM
32	12	common	O-CLAIM
32	13	thing	O-CLAIM
32	14	with	O-CLAIM
32	15	young	O-CLAIM
32	16	adults	O-CLAIM
32	17	.	O-CLAIM
33	0	This	O-CLAIM
33	1	clarifies	O-CLAIM
33	2	that	O-CLAIM
33	3	they	B-CLAIM
33	4	were	I-CLAIM
33	5	immature	I-CLAIM
33	6	and	I-CLAIM
33	7	this	I-CLAIM
33	8	induced	I-CLAIM
33	9	them	I-CLAIM
33	10	to	I-CLAIM
33	11	believe	I-CLAIM
33	12	that	I-CLAIM
33	13	they	I-CLAIM
33	14	had	I-CLAIM
33	15	no	I-CLAIM
33	16	other	I-CLAIM
33	17	option	I-CLAIM
33	18	,	I-CLAIM
33	19	but	I-CLAIM
33	20	to	I-CLAIM
33	21	kill	I-CLAIM
33	22	themselves	I-CLAIM
33	23	.	I-CLAIM
34	0	although	O-CLAIM
34	1	,	O-CLAIM
34	2	they	O-CLAIM
34	3	never	O-CLAIM
34	4	tried	O-CLAIM
34	5	another	O-CLAIM
34	6	way	O-CLAIM
34	7	to	O-CLAIM
34	8	resolve	O-CLAIM
34	9	their	O-CLAIM
34	10	obstacle	O-CLAIM
34	11	.	O-CLAIM
35	0	By	O-CLAIM
35	1	making	O-CLAIM
35	2	this	O-CLAIM
35	3	decision	O-CLAIM
35	4	,	O-CLAIM
35	5	they	O-CLAIM
35	6	showed	O-CLAIM
35	7	how	O-CLAIM
35	8	infantile	O-CLAIM
35	9	and	O-CLAIM
35	10	unreasonable	O-CLAIM
35	11	they	O-CLAIM
35	12	were	O-CLAIM
35	13	.	O-CLAIM
36	0	Additionally	O-CLAIM
36	1	,	O-CLAIM
36	2	how	O-CLAIM
36	3	they	O-CLAIM
36	4	never	O-CLAIM
36	5	confronted	O-CLAIM
36	6	their	O-CLAIM
36	7	difficulties	O-CLAIM
36	8	and	O-CLAIM
36	9	that	O-CLAIM
36	10	created	O-CLAIM
36	11	more	O-CLAIM
36	12	consequences	O-CLAIM
36	13	.	O-CLAIM
37	0	A	O-CLAIM
37	1	common	O-CLAIM
37	2	argument	O-CLAIM
37	3	against	O-CLAIM
37	4	this	B-CLAIM
37	5	position	I-CLAIM
37	6	is	O-CLAIM
37	7	that	O-CLAIM
37	8	Romeo	O-CLAIM
37	9	and	O-CLAIM
37	10	Juliet	O-CLAIM
37	11	's	O-CLAIM
37	12	love	O-CLAIM
37	13	and	O-CLAIM
37	14	age	O-CLAIM
37	15	was	O-CLAIM
37	16	not	O-CLAIM
37	17	a	O-CLAIM
37	18	coincidence	O-CLAIM
37	19	.	O-CLAIM
38	0	They	O-CLAIM
38	1	were	O-CLAIM
38	2	star	O-CLAIM
38	3	-	O-CLAIM
38	4	crossed	O-CLAIM
38	5	lovers	O-CLAIM
38	6	who	O-CLAIM
38	7	were	O-CLAIM
38	8	destined	O-CLAIM
38	9	to	O-CLAIM
38	10	die	O-CLAIM
38	11	together	O-CLAIM
38	12	and	O-CLAIM
38	13	finalize	O-CLAIM
38	14	the	O-CLAIM
38	15	tension	O-CLAIM
38	16	in	O-CLAIM
38	17	Verona	O-CLAIM
38	18	.	O-CLAIM
39	0	To	O-CLAIM
39	1	explain	O-CLAIM
39	2	further	O-CLAIM
39	3	,	O-CLAIM
39	4	there	O-CLAIM
39	5	is	O-CLAIM
39	6	a	O-CLAIM
39	7	belief	O-CLAIM
39	8	that	O-CLAIM
39	9	the	O-CLAIM
39	10	young	O-CLAIM
39	11	lovers	O-CLAIM
39	12	were	O-CLAIM
39	13	on	O-CLAIM
39	14	earth	O-CLAIM
39	15	with	O-CLAIM
39	16	a	O-CLAIM
39	17	purpose	O-CLAIM
39	18	.	O-CLAIM
40	0	It	O-CLAIM
40	1	was	O-CLAIM
40	2	to	O-CLAIM
40	3	find	O-CLAIM
40	4	each	O-CLAIM
40	5	other	O-CLAIM
40	6	and	O-CLAIM
40	7	mend	O-CLAIM
40	8	the	O-CLAIM
40	9	complications	O-CLAIM
40	10	that	O-CLAIM
40	11	the	O-CLAIM
40	12	citizens	O-CLAIM
40	13	of	O-CLAIM
40	14	Verona	O-CLAIM
40	15	were	O-CLAIM
40	16	obligated	O-CLAIM
40	17	to	O-CLAIM
40	18	confront	O-CLAIM
40	19	on	O-CLAIM
40	20	a	O-CLAIM
40	21	daily	O-CLAIM
40	22	basis	O-CLAIM
40	23	.	O-CLAIM
41	0	In	O-CLAIM
41	1	the	O-CLAIM
41	2	article	O-CLAIM
41	3	In	O-CLAIM
41	4	Defense	O-CLAIM
41	5	of	O-CLAIM
41	6	Romeo	O-CLAIM
41	7	and	O-CLAIM
41	8	Juliet	O-CLAIM
41	9	:	O-CLAIM
41	10	It	O-CLAIM
41	11	's	O-CLAIM
41	12	not	O-CLAIM
41	13	childish	O-CLAIM
41	14	,	O-CLAIM
41	15	it	O-CLAIM
41	16	's	O-CLAIM
41	17	*	O-CLAIM
41	18	about	O-CLAIM
41	19	childishness	O-CLAIM
41	20	,	O-CLAIM
41	21	Noah	O-CLAIM
41	22	Berlatsky	O-CLAIM
41	23	explains	O-CLAIM
41	24	,	O-CLAIM
41	25	Old	O-CLAIM
41	26	/	O-CLAIM
41	27	young	O-CLAIM
41	28	remains	O-CLAIM
41	29	an	O-CLAIM
41	30	obsession	O-CLAIM
41	31	throughout	O-CLAIM
41	32	the	O-CLAIM
41	33	play	O-CLAIM
41	34	.	O-CLAIM
41	35	..	O-CLAIM
42	0	Sometimes	O-CLAIM
42	1	,	O-CLAIM
42	2	it	O-CLAIM
42	3	means	O-CLAIM
42	4	being	O-CLAIM
42	5	a	O-CLAIM
42	6	hope	O-CLAIM
42	7	for	O-CLAIM
42	8	the	O-CLAIM
42	9	future	O-CLAIM
42	10	---	O-CLAIM
42	11	as	O-CLAIM
42	12	when	O-CLAIM
42	13	Friar	O-CLAIM
42	14	marries	O-CLAIM
42	15	the	O-CLAIM
42	16	couple	O-CLAIM
42	17	to	O-CLAIM
42	18	try	O-CLAIM
42	19	to	O-CLAIM
42	20	end	O-CLAIM
42	21	the	O-CLAIM
42	22	feud	O-CLAIM
42	23	between	O-CLAIM
42	24	Montagues	O-CLAIM
42	25	and	O-CLAIM
42	26	Capulets	O-CLAIM
42	27	(	O-CLAIM
42	28	Berlatsky	O-CLAIM
42	29	pg	O-CLAIM
42	30	.	O-CLAIM
43	0	This	O-CLAIM
43	1	illustrates	O-CLAIM
43	2	that	O-CLAIM
43	3	their	B-CLAIM
43	4	innocence	I-CLAIM
43	5	and	I-CLAIM
43	6	poor	I-CLAIM
43	7	maturity	I-CLAIM
43	8	was	I-CLAIM
43	9	not	I-CLAIM
43	10	the	I-CLAIM
43	11	reason	I-CLAIM
43	12	of	I-CLAIM
43	13	their	I-CLAIM
43	14	death	I-CLAIM
43	15	.	I-CLAIM
44	0	It	B-CLAIM
44	1	was	I-CLAIM
44	2	their	I-CLAIM
44	3	fate	I-CLAIM
44	4	because	O-CLAIM
44	5	they	O-CLAIM
44	6	were	O-CLAIM
44	7	the	O-CLAIM
44	8	only	O-CLAIM
44	9	hope	O-CLAIM
44	10	for	O-CLAIM
44	11	their	O-CLAIM
44	12	natal	O-CLAIM
44	13	city	O-CLAIM
44	14	and	O-CLAIM
44	15	for	O-CLAIM
44	16	the	O-CLAIM
44	17	enemy	O-CLAIM
44	18	houses	O-CLAIM
44	19	to	O-CLAIM
44	20	be	O-CLAIM
44	21	able	O-CLAIM
44	22	to	O-CLAIM
44	23	coexist	O-CLAIM
44	24	efficiently	O-CLAIM
44	25	.	O-CLAIM
45	0	This	B-CLAIM
45	1	could	I-CLAIM
45	2	be	I-CLAIM
45	3	possible	I-CLAIM
45	4	because	O-CLAIM
45	5	their	O-CLAIM
45	6	death	O-CLAIM
45	7	unified	O-CLAIM
45	8	and	O-CLAIM
45	9	brought	O-CLAIM
45	10	peace	O-CLAIM
45	11	for	O-CLAIM
45	12	the	O-CLAIM
45	13	city	O-CLAIM
45	14	.	O-CLAIM
46	0	The	O-CLAIM
46	1	evidence	O-CLAIM
46	2	,	O-CLAIM
46	3	however	O-CLAIM
46	4	,	O-CLAIM
46	5	overwhelmingly	O-CLAIM
46	6	supports	O-CLAIM
46	7	my	O-CLAIM
46	8	argument	O-CLAIM
46	9	that	O-CLAIM
46	10	personal	B-CLAIM
46	11	choice	I-CLAIM
46	12	was	I-CLAIM
46	13	the	I-CLAIM
46	14	main	I-CLAIM
46	15	reason	I-CLAIM
46	16	of	I-CLAIM
46	17	the	I-CLAIM
46	18	principal	I-CLAIM
46	19	concepts	I-CLAIM
46	20	of	I-CLAIM
46	21	the	I-CLAIM
46	22	play	I-CLAIM
46	23	because	O-CLAIM
46	24	they	O-CLAIM
46	25	demonstrated	O-CLAIM
46	26	that	O-CLAIM
46	27	their	O-CLAIM
46	28	actions	O-CLAIM
46	29	were	O-CLAIM
46	30	controlled	O-CLAIM
46	31	by	O-CLAIM
46	32	themselves	O-CLAIM
46	33	and	O-CLAIM
46	34	their	O-CLAIM
46	35	emotions	O-CLAIM
46	36	and	O-CLAIM
46	37	not	O-CLAIM
46	38	their	O-CLAIM
46	39	fate	O-CLAIM
46	40	.	O-CLAIM
47	0	In	O-CLAIM
47	1	other	O-CLAIM
47	2	words	O-CLAIM
47	3	,	O-CLAIM
47	4	they	O-CLAIM
47	5	were	O-CLAIM
47	6	able	O-CLAIM
47	7	to	O-CLAIM
47	8	react	O-CLAIM
47	9	in	O-CLAIM
47	10	a	O-CLAIM
47	11	way	O-CLAIM
47	12	they	O-CLAIM
47	13	showed	O-CLAIM
47	14	their	O-CLAIM
47	15	emotions	O-CLAIM
47	16	and	O-CLAIM
47	17	their	O-CLAIM
47	18	own	O-CLAIM
47	19	satisfaction	O-CLAIM
47	20	.	O-CLAIM
48	0	As	O-CLAIM
48	1	an	O-CLAIM
48	2	example	O-CLAIM
48	3	,	O-CLAIM
48	4	Romeo	O-CLAIM
48	5	killed	O-CLAIM
48	6	Tybalt	O-CLAIM
48	7	as	O-CLAIM
48	8	a	O-CLAIM
48	9	result	O-CLAIM
48	10	of	O-CLAIM
48	11	the	O-CLAIM
48	12	anger	O-CLAIM
48	13	and	O-CLAIM
48	14	hate	O-CLAIM
48	15	he	O-CLAIM
48	16	felt	O-CLAIM
48	17	after	O-CLAIM
48	18	the	O-CLAIM
48	19	death	O-CLAIM
48	20	of	O-CLAIM
48	21	his	O-CLAIM
48	22	loved	O-CLAIM
48	23	cousin	O-CLAIM
48	24	Mercutio	O-CLAIM
48	25	.	O-CLAIM
49	0	This	O-CLAIM
49	1	clarifies	O-CLAIM
49	2	that	O-CLAIM
49	3	they	B-CLAIM
49	4	were	I-CLAIM
49	5	in	I-CLAIM
49	6	control	I-CLAIM
49	7	of	I-CLAIM
49	8	their	I-CLAIM
49	9	actions	I-CLAIM
49	10	and	I-CLAIM
49	11	lives	I-CLAIM
49	12	.	I-CLAIM
50	0	In	O-CLAIM
50	1	conclusion	O-CLAIM
50	2	,	O-CLAIM
50	3	decisions	B-CLAIM
50	4	and	I-CLAIM
50	5	actions	I-CLAIM
50	6	of	I-CLAIM
50	7	the	I-CLAIM
50	8	characters	I-CLAIM
50	9	of	I-CLAIM
50	10	the	I-CLAIM
50	11	play	I-CLAIM
50	12	defined	I-CLAIM
50	13	the	I-CLAIM
50	14	situations	I-CLAIM
50	15	because	O-CLAIM
50	16	they	O-CLAIM
50	17	were	O-CLAIM
50	18	facing	O-CLAIM
50	19	consequences	O-CLAIM
50	20	,	O-CLAIM
50	21	they	O-CLAIM
50	22	could	O-CLAIM
50	23	have	O-CLAIM
50	24	changed	O-CLAIM
50	25	their	O-CLAIM
50	26	lives	O-CLAIM
50	27	,	O-CLAIM
50	28	but	O-CLAIM
50	29	never	O-CLAIM
50	30	tried	O-CLAIM
50	31	,	O-CLAIM
50	32	and	O-CLAIM
50	33	they	O-CLAIM
50	34	were	O-CLAIM
50	35	not	O-CLAIM
50	36	controlled	O-CLAIM
50	37	by	O-CLAIM
50	38	a	O-CLAIM
50	39	superior	O-CLAIM
50	40	entity	O-CLAIM
50	41	.	O-CLAIM
51	0	Throughout	O-CLAIM
51	1	the	O-CLAIM
51	2	play	O-CLAIM
51	3	,	O-CLAIM
51	4	they	O-CLAIM
51	5	were	O-CLAIM
51	6	not	O-CLAIM
51	7	critically	O-CLAIM
51	8	thinking	O-CLAIM
51	9	their	O-CLAIM
51	10	actions	O-CLAIM
51	11	,	O-CLAIM
51	12	and	O-CLAIM
51	13	were	O-CLAIM
51	14	managed	O-CLAIM
51	15	by	O-CLAIM
51	16	their	O-CLAIM
51	17	heart	O-CLAIM
51	18	.	O-CLAIM
52	0	This	O-CLAIM
52	1	led	O-CLAIM
52	2	to	O-CLAIM
52	3	the	O-CLAIM
52	4	main	O-CLAIM
52	5	problem	O-CLAIM
52	6	of	O-CLAIM
52	7	the	O-CLAIM
52	8	play	O-CLAIM
52	9	.	O-CLAIM
53	0	They	O-CLAIM
53	1	never	O-CLAIM
53	2	tried	O-CLAIM
53	3	to	O-CLAIM
53	4	solve	O-CLAIM
53	5	their	O-CLAIM
53	6	problems	O-CLAIM
53	7	in	O-CLAIM
53	8	a	O-CLAIM
53	9	hasty	O-CLAIM
53	10	manner	O-CLAIM
53	11	,	O-CLAIM
53	12	neither	O-CLAIM
53	13	be	O-CLAIM
53	14	comprehensible	O-CLAIM
53	15	and	O-CLAIM
53	16	clear	O-CLAIM
53	17	.	O-CLAIM
54	0	This	O-CLAIM
54	1	provoked	O-CLAIM
54	2	the	O-CLAIM
54	3	characters	O-CLAIM
54	4	to	O-CLAIM
54	5	maintain	O-CLAIM
54	6	secrets	O-CLAIM
54	7	and	O-CLAIM
54	8	not	O-CLAIM
54	9	help	O-CLAIM
54	10	.	O-CLAIM
55	0	It	O-CLAIM
55	1	is	O-CLAIM
55	2	true	O-CLAIM
55	3	that	O-CLAIM
55	4	they	B-CLAIM
55	5	may	I-CLAIM
55	6	have	I-CLAIM
55	7	achieved	I-CLAIM
55	8	their	I-CLAIM
55	9	sacred	I-CLAIM
55	10	purpose	I-CLAIM
55	11	of	I-CLAIM
55	12	bringing	I-CLAIM
55	13	peace	I-CLAIM
55	14	to	I-CLAIM
55	15	Verona	I-CLAIM
55	16	.	I-CLAIM
56	0	They	B-CLAIM
56	1	were	I-CLAIM
56	2	not	I-CLAIM
56	3	controlled	I-CLAIM
56	4	by	I-CLAIM
56	5	something	I-CLAIM
56	6	greater	I-CLAIM
56	7	than	I-CLAIM
56	8	life	I-CLAIM
56	9	itself	I-CLAIM
56	10	,	O-CLAIM
56	11	because	O-CLAIM
56	12	their	O-CLAIM
56	13	actions	O-CLAIM
56	14	demonstrated	O-CLAIM
56	15	that	O-CLAIM
56	16	they	O-CLAIM
56	17	were	O-CLAIM
56	18	in	O-CLAIM
56	19	control	O-CLAIM
56	20	of	O-CLAIM
56	21	their	O-CLAIM
56	22	lives	O-CLAIM
56	23	.	O-CLAIM
57	0	Cited	O-CLAIM
57	1	Work	O-CLAIM
57	2	(	O-CLAIM
57	3	MLA	O-CLAIM
57	4	FORMAT	O-CLAIM
57	5	)	O-CLAIM
58	0	William	O-CLAIM
58	1	Jennings	O-CLAIM
58	2	Bryan	O-CLAIM
58	3	Quotes	O-CLAIM
58	4	.	O-CLAIM
59	0	BrainyMedia	O-CLAIM
59	1	Inc	O-CLAIM
59	2	,	O-CLAIM
59	3	2019	O-CLAIM
59	4	.	O-CLAIM
60	0	Shakespeare	O-CLAIM
60	1	,	O-CLAIM
60	2	William	O-CLAIM
60	3	,	O-CLAIM
60	4	and	O-CLAIM
60	5	Alan	O-CLAIM
60	6	Durband	O-CLAIM
60	7	.	O-CLAIM
61	0	Hauppage	O-CLAIM
61	1	,	O-CLAIM
61	2	NY	O-CLAIM
61	3	:	O-CLAIM
61	4	Barron	O-CLAIM
61	5	's	O-CLAIM
61	6	,	O-CLAIM
61	7	1985	O-CLAIM
61	8	.	O-CLAIM
62	0	Act	O-CLAIM
62	1	1	O-CLAIM
62	2	,	O-CLAIM
62	3	scene	O-CLAIM
62	4	5	O-CLAIM
63	0	Romeo	O-CLAIM
63	1	and	O-CLAIM
63	2	Juliet	O-CLAIM
63	3	Is	O-CLAIM
63	4	a	O-CLAIM
63	5	Terrible	O-CLAIM
63	6	Play	O-CLAIM
63	7	,	O-CLAIM
63	8	and	O-CLAIM
63	9	David	O-CLAIM
63	10	Leveaux	O-CLAIM
63	11	Ca	O-CLAIM
63	12	n't	O-CLAIM
63	13	Change	O-CLAIM
63	14	That	O-CLAIM
63	15	.	O-CLAIM
64	0	Slate	O-CLAIM
64	1	Magazine	O-CLAIM
64	2	,	O-CLAIM
64	3	Slate	O-CLAIM
64	4	,	O-CLAIM
64	5	2	O-CLAIM
64	6	Apr.	O-CLAIM
64	7	2013	O-CLAIM
64	8	,	O-CLAIM
65	0	In	O-CLAIM
65	1	Defense	O-CLAIM
65	2	of	O-CLAIM
65	3	Romeo	O-CLAIM
65	4	and	O-CLAIM
65	5	Juliet	O-CLAIM
65	6	:	O-CLAIM
65	7	It	O-CLAIM
65	8	's	O-CLAIM
65	9	Not	O-CLAIM
65	10	Childish	O-CLAIM
65	11	,	O-CLAIM
65	12	It	O-CLAIM
65	13	's	O-CLAIM
65	14	*	O-CLAIM
65	15	About	O-CLAIM
65	16	*	O-CLAIM
65	17	Childishness	O-CLAIM
65	18	.	O-CLAIM
66	0	The	O-CLAIM
66	1	Atlantic	O-CLAIM
66	2	,	O-CLAIM
66	3	Atlantic	O-CLAIM
66	4	Media	O-CLAIM
66	5	Company	O-CLAIM
66	6	,	O-CLAIM
66	7	10	O-CLAIM
66	8	Apr.	O-CLAIM
66	9	2013	O-CLAIM
66	10	,	O-CLAIM
